cb_test_threshold,,,,,,,,,,,,,,,,,
11,40,,,,,,,,,,,,,,,,
scap_raw_data_threshold,,,,,,,,,,,,,,,,,
0,99999,,,,,,,,,,,,,,,,
"threshold,short_circuit_min",,,,,,,,,,,,,,,,,
850,,,,,,,,,,,,,,,,,
"threshold,open_test_cb_min",,,,,,,,,,,,,,,,,
48,,,,,,,,,,,,,,,,,
"threshold,lcd_noise_max",,,,,,,,,,,,,,,,,
63,,,,,,,,,,,,,,,,,
"threshold,raw_data_min_array",,,,,,,,,,,,,,,,,
4200,4200,4200,4200,4200,0,0,0,0,0,0,0,0,4200,4200,4200,4200,4200
4200,4200,4200,4200,4200,4200,4200,4200,4200,4200,4200,4200,4200,4200,4200,4200,4200,4200
4200,4200,4200,4200,4200,4200,4200,4200,4200,4200,4200,4200,4200,4200,4200,4200,4200,4200
4200,4200,4200,4200,4200,4200,4200,4200,4200,4200,4200,4200,4200,4200,4200,4200,4200,4200
4200,4200,4200,4200,4200,4200,4200,4200,4200,4200,4200,4200,4200,4200,4200,4200,4200,4200
4200,4200,4200,4200,4200,4200,4200,4200,4200,4200,4200,4200,4200,4200,4200,4200,4200,4200
4200,4200,4200,4200,4200,4200,4200,4200,4200,4200,4200,4200,4200,4200,4200,4200,4200,4200
4200,4200,4200,4200,4200,4200,4200,4200,4200,4200,4200,4200,4200,4200,4200,4200,4200,4200
4200,4200,4200,4200,4200,4200,4200,4200,4200,4200,4200,4200,4200,4200,4200,4200,4200,4200
4200,4200,4200,4200,4200,4200,4200,4200,4200,4200,4200,4200,4200,4200,4200,4200,4200,4200
4200,4200,4200,4200,4200,4200,4200,4200,4200,4200,4200,4200,4200,4200,4200,4200,4200,4200
4200,4200,4200,4200,4200,4200,4200,4200,4200,4200,4200,4200,4200,4200,4200,4200,4200,4200
4200,4200,4200,4200,4200,4200,4200,4200,4200,4200,4200,4200,4200,4200,4200,4200,4200,4200
4200,4200,4200,4200,4200,4200,4200,4200,4200,4200,4200,4200,4200,4200,4200,4200,4200,4200
4200,4200,4200,4200,4200,4200,4200,4200,4200,4200,4200,4200,4200,4200,4200,4200,4200,4200
4200,4200,4200,4200,4200,4200,4200,4200,4200,4200,4200,4200,4200,4200,4200,4200,4200,4200
4200,4200,4200,4200,4200,4200,4200,4200,4200,4200,4200,4200,4200,4200,4200,4200,4200,4200
4200,4200,4200,4200,4200,4200,4200,4200,4200,4200,4200,4200,4200,4200,4200,4200,4200,4200
4200,4200,4200,4200,4200,4200,4200,4200,4200,4200,4200,4200,4200,4200,4200,4200,4200,4200
4200,4200,4200,4200,4200,4200,4200,4200,4200,4200,4200,4200,4200,4200,4200,4200,4200,4200
4200,4200,4200,4200,4200,4200,4200,4200,4200,4200,4200,4200,4200,4200,4200,4200,4200,4200
4200,4200,4200,4200,4200,4200,4200,4200,4200,4200,4200,4200,4200,4200,4200,4200,4200,4200
4200,4200,4200,4200,4200,4200,4200,4200,4200,4200,4200,4200,4200,4200,4200,4200,4200,4200
4200,4200,4200,4200,4200,4200,4200,4200,4200,4200,4200,4200,4200,4200,4200,4200,4200,4200
4200,4200,4200,4200,4200,4200,4200,4200,4200,4200,4200,4200,4200,4200,4200,4200,4200,4200
4200,4200,4200,4200,4200,4200,4200,4200,4200,4200,4200,4200,4200,4200,4200,4200,4200,4200
4200,4200,4200,4200,4200,4200,4200,4200,4200,4200,4200,4200,4200,4200,4200,4200,4200,4200
4200,4200,4200,4200,4200,4200,4200,4200,4200,4200,4200,4200,4200,4200,4200,4200,4200,4200
4200,4200,4200,4200,4200,4200,4200,4200,4200,4200,4200,4200,4200,4200,4200,4200,4200,4200
4200,4200,4200,4200,4200,4200,4200,4200,4200,4200,4200,4200,4200,4200,4200,4200,4200,4200
4200,4200,4200,4200,4200,4200,4200,4200,4200,4200,4200,4200,4200,4200,4200,4200,4200,4200
4200,4200,4200,4200,4200,4200,4200,4200,4200,4200,4200,4200,4200,4200,4200,4200,4200,4200
4200,4200,4200,4200,4200,4200,4200,4200,4200,4200,4200,4200,4200,4200,4200,4200,4200,4200
4200,4200,4200,4200,4200,4200,4200,4200,4200,4200,4200,4200,4200,4200,4200,4200,4200,4200
4200,4200,4200,4200,4200,4200,4200,4200,4200,4200,4200,4200,4200,4200,4200,4200,4200,4200
4200,4200,4200,4200,4200,4200,4200,4200,4200,4200,4200,4200,4200,4200,4200,4200,4200,4200
"threshold,raw_data_max_array",,,,,,,,,,,,,,,,,
7800,7800,7800,7800,7800,2000,2000,2000,2000,2000,2000,2000,2000,7800,7800,7800,7800,7800
7800,7800,7800,7800,7800,7800,7800,7800,7800,7800,7800,7800,7800,7800,7800,7800,7800,7800
7800,7800,7800,7800,7800,7800,7800,7800,7800,7800,7800,7800,7800,7800,7800,7800,7800,7800
7800,7800,7800,7800,7800,7800,7800,7800,7800,7800,7800,7800,7800,7800,7800,7800,7800,7800
7800,7800,7800,7800,7800,7800,7800,7800,7800,7800,7800,7800,7800,7800,7800,7800,7800,7800
7800,7800,7800,7800,7800,7800,7800,7800,7800,7800,7800,7800,7800,7800,7800,7800,7800,7800
7800,7800,7800,7800,7800,7800,7800,7800,7800,7800,7800,7800,7800,7800,7800,7800,7800,7800
7800,7800,7800,7800,7800,7800,7800,7800,7800,7800,7800,7800,7800,7800,7800,7800,7800,7800
7800,7800,7800,7800,7800,7800,7800,7800,7800,7800,7800,7800,7800,7800,7800,7800,7800,7800
7800,7800,7800,7800,7800,7800,7800,7800,7800,7800,7800,7800,7800,7800,7800,7800,7800,7800
7800,7800,7800,7800,7800,7800,7800,7800,7800,7800,7800,7800,7800,7800,7800,7800,7800,7800
7800,7800,7800,7800,7800,7800,7800,7800,7800,7800,7800,7800,7800,7800,7800,7800,7800,7800
7800,7800,7800,7800,7800,7800,7800,7800,7800,7800,7800,7800,7800,7800,7800,7800,7800,7800
7800,7800,7800,7800,7800,7800,7800,7800,7800,7800,7800,7800,7800,7800,7800,7800,7800,7800
7800,7800,7800,7800,7800,7800,7800,7800,7800,7800,7800,7800,7800,7800,7800,7800,7800,7800
7800,7800,7800,7800,7800,7800,7800,7800,7800,7800,7800,7800,7800,7800,7800,7800,7800,7800
7800,7800,7800,7800,7800,7800,7800,7800,7800,7800,7800,7800,7800,7800,7800,7800,7800,7800
7800,7800,7800,7800,7800,7800,7800,7800,7800,7800,7800,7800,7800,7800,7800,7800,7800,7800
7800,7800,7800,7800,7800,7800,7800,7800,7800,7800,7800,7800,7800,7800,7800,7800,7800,7800
7800,7800,7800,7800,7800,7800,7800,7800,7800,7800,7800,7800,7800,7800,7800,7800,7800,7800
7800,7800,7800,7800,7800,7800,7800,7800,7800,7800,7800,7800,7800,7800,7800,7800,7800,7800
7800,7800,7800,7800,7800,7800,7800,7800,7800,7800,7800,7800,7800,7800,7800,7800,7800,7800
7800,7800,7800,7800,7800,7800,7800,7800,7800,7800,7800,7800,7800,7800,7800,7800,7800,7800
7800,7800,7800,7800,7800,7800,7800,7800,7800,7800,7800,7800,7800,7800,7800,7800,7800,7800
7800,7800,7800,7800,7800,7800,7800,7800,7800,7800,7800,7800,7800,7800,7800,7800,7800,7800
7800,7800,7800,7800,7800,7800,7800,7800,7800,7800,7800,7800,7800,7800,7800,7800,7800,7800
7800,7800,7800,7800,7800,7800,7800,7800,7800,7800,7800,7800,7800,7800,7800,7800,7800,7800
7800,7800,7800,7800,7800,7800,7800,7800,7800,7800,7800,7800,7800,7800,7800,7800,7800,7800
7800,7800,7800,7800,7800,7800,7800,7800,7800,7800,7800,7800,7800,7800,7800,7800,7800,7800
7800,7800,7800,7800,7800,7800,7800,7800,7800,7800,7800,7800,7800,7800,7800,7800,7800,7800
7800,7800,7800,7800,7800,7800,7800,7800,7800,7800,7800,7800,7800,7800,7800,7800,7800,7800
7800,7800,7800,7800,7800,7800,7800,7800,7800,7800,7800,7800,7800,7800,7800,7800,7800,7800
7800,7800,7800,7800,7800,7800,7800,7800,7800,7800,7800,7800,7800,7800,7800,7800,7800,7800
7800,7800,7800,7800,7800,7800,7800,7800,7800,7800,7800,7800,7800,7800,7800,7800,7800,7800
7800,7800,7800,7800,7800,7800,7800,7800,7800,7800,7800,7800,7800,7800,7800,7800,7800,7800
7800,7800,7800,7800,7800,7800,7800,7800,7800,7800,7800,7800,7800,7800,7800,7800,7800,7800
"threshold,row_column_delta_max_array",,,,,,,,,,,,,,,,,
1000,2000,2000,2000,2000,7900,1000,1000,1000,1000,1000,1000,1000,7900,2000,2000,2000,2000
1000,2000,2000,2000,2000,2000,2000,2000,2000,2000,2000,2000,2000,2000,2000,2000,2000,2000
1000,2000,2000,2000,2000,2000,2000,2000,2000,2000,2000,2000,2000,2000,2000,2000,2000,2000
1000,2000,2000,2000,2000,2000,2000,2000,2000,2000,2000,2000,2000,2000,2000,2000,2000,2000
1000,2000,2000,2000,2000,2000,2000,2000,2000,2000,2000,2000,2000,2000,2000,2000,2000,2000
1000,2000,2000,2000,2000,2000,2000,2000,2000,2000,2000,2000,2000,2000,2000,2000,2000,2000
1000,2000,2000,2000,2000,2000,2000,2000,2000,2000,2000,2000,2000,2000,2000,2000,2000,2000
1000,2000,2000,2000,2000,2000,2000,2000,2000,2000,2000,2000,2000,2000,2000,2000,2000,2000
1000,2000,2000,2000,2000,2000,2000,2000,2000,2000,2000,2000,2000,2000,2000,2000,2000,2000
1000,2000,2000,2000,2000,2000,2000,2000,2000,2000,2000,2000,2000,2000,2000,2000,2000,2000
1000,2000,2000,2000,2000,2000,2000,2000,2000,2000,2000,2000,2000,2000,2000,2000,2000,2000
1000,2000,2000,2000,2000,2000,2000,2000,2000,2000,2000,2000,2000,2000,2000,2000,2000,2000
1000,2000,2000,2000,2000,2000,2000,2000,2000,2000,2000,2000,2000,2000,2000,2000,2000,2000
1000,2000,2000,2000,2000,2000,2000,2000,2000,2000,2000,2000,2000,2000,2000,2000,2000,2000
1000,2000,2000,2000,2000,2000,2000,2000,2000,2000,2000,2000,2000,2000,2000,2000,2000,2000
1000,2000,2000,2000,2000,2000,2000,2000,2000,2000,2000,2000,2000,2000,2000,2000,2000,2000
1000,2000,2000,2000,2000,2000,2000,2000,2000,2000,2000,2000,2000,2000,2000,2000,2000,2000
1000,2000,2000,2000,2000,2000,2000,2000,2000,2000,2000,2000,2000,2000,2000,2000,2000,2000
1000,2000,2000,2000,2000,2000,2000,2000,2000,2000,2000,2000,2000,2000,2000,2000,2000,2000
1000,2000,2000,2000,2000,2000,2000,2000,2000,2000,2000,2000,2000,2000,2000,2000,2000,2000
1000,2000,2000,2000,2000,2000,2000,2000,2000,2000,2000,2000,2000,2000,2000,2000,2000,2000
1000,2000,2000,2000,2000,2000,2000,2000,2000,2000,2000,2000,2000,2000,2000,2000,2000,2000
1000,2000,2000,2000,2000,2000,2000,2000,2000,2000,2000,2000,2000,2000,2000,2000,2000,2000
1000,2000,2000,2000,2000,2000,2000,2000,2000,2000,2000,2000,2000,2000,2000,2000,2000,2000
1000,2000,2000,2000,2000,2000,2000,2000,2000,2000,2000,2000,2000,2000,2000,2000,2000,2000
1000,2000,2000,2000,2000,2000,2000,2000,2000,2000,2000,2000,2000,2000,2000,2000,2000,2000
1000,2000,2000,2000,2000,2000,2000,2000,2000,2000,2000,2000,2000,2000,2000,2000,2000,2000
1000,2000,2000,2000,2000,2000,2000,2000,2000,2000,2000,2000,2000,2000,2000,2000,2000,2000
1000,2000,2000,2000,2000,2000,2000,2000,2000,2000,2000,2000,2000,2000,2000,2000,2000,2000
1000,2000,2000,2000,2000,2000,2000,2000,2000,2000,2000,2000,2000,2000,2000,2000,2000,2000
1000,2000,2000,2000,2000,2000,2000,2000,2000,2000,2000,2000,2000,2000,2000,2000,2000,2000
1000,2000,2000,2000,2000,2000,2000,2000,2000,2000,2000,2000,2000,2000,2000,2000,2000,2000
1000,2000,2000,2000,2000,2000,2000,2000,2000,2000,2000,2000,2000,2000,2000,2000,2000,2000
1000,2000,2000,2000,2000,2000,2000,2000,2000,2000,2000,2000,2000,2000,2000,2000,2000,2000
1000,2000,2000,2000,2000,2000,2000,2000,2000,2000,2000,2000,2000,2000,2000,2000,2000,2000
1000,2000,2000,2000,2000,2000,2000,2000,2000,2000,2000,2000,2000,2000,2000,2000,2000,2000
1000,1000,1000,1000,1000,1000,1000,1000,1000,1000,1000,1000,1000,1000,1000,1000,1000,1000
2000,2000,2000,2000,2000,7900,7900,7900,7900,7900,7900,7900,7900,2000,2000,2000,2000,2000
2000,2000,2000,2000,2000,2000,2000,2000,2000,2000,2000,2000,2000,2000,2000,2000,2000,2000
2000,2000,2000,2000,2000,2000,2000,2000,2000,2000,2000,2000,2000,2000,2000,2000,2000,2000
2000,2000,2000,2000,2000,2000,2000,2000,2000,2000,2000,2000,2000,2000,2000,2000,2000,2000
2000,2000,2000,2000,2000,2000,2000,2000,2000,2000,2000,2000,2000,2000,2000,2000,2000,2000
2000,2000,2000,2000,2000,2000,2000,2000,2000,2000,2000,2000,2000,2000,2000,2000,2000,2000
2000,2000,2000,2000,2000,2000,2000,2000,2000,2000,2000,2000,2000,2000,2000,2000,2000,2000
2000,2000,2000,2000,2000,2000,2000,2000,2000,2000,2000,2000,2000,2000,2000,2000,2000,2000
2000,2000,2000,2000,2000,2000,2000,2000,2000,2000,2000,2000,2000,2000,2000,2000,2000,2000
2000,2000,2000,2000,2000,2000,2000,2000,2000,2000,2000,2000,2000,2000,2000,2000,2000,2000
2000,2000,2000,2000,2000,2000,2000,2000,2000,2000,2000,2000,2000,2000,2000,2000,2000,2000
2000,2000,2000,2000,2000,2000,2000,2000,2000,2000,2000,2000,2000,2000,2000,2000,2000,2000
2000,2000,2000,2000,2000,2000,2000,2000,2000,2000,2000,2000,2000,2000,2000,2000,2000,2000
2000,2000,2000,2000,2000,2000,2000,2000,2000,2000,2000,2000,2000,2000,2000,2000,2000,2000
2000,2000,2000,2000,2000,2000,2000,2000,2000,2000,2000,2000,2000,2000,2000,2000,2000,2000
2000,2000,2000,2000,2000,2000,2000,2000,2000,2000,2000,2000,2000,2000,2000,2000,2000,2000
2000,2000,2000,2000,2000,2000,2000,2000,2000,2000,2000,2000,2000,2000,2000,2000,2000,2000
2000,2000,2000,2000,2000,2000,2000,2000,2000,2000,2000,2000,2000,2000,2000,2000,2000,2000
2000,2000,2000,2000,2000,2000,2000,2000,2000,2000,2000,2000,2000,2000,2000,2000,2000,2000
2000,2000,2000,2000,2000,2000,2000,2000,2000,2000,2000,2000,2000,2000,2000,2000,2000,2000
2000,2000,2000,2000,2000,2000,2000,2000,2000,2000,2000,2000,2000,2000,2000,2000,2000,2000
2000,2000,2000,2000,2000,2000,2000,2000,2000,2000,2000,2000,2000,2000,2000,2000,2000,2000
2000,2000,2000,2000,2000,2000,2000,2000,2000,2000,2000,2000,2000,2000,2000,2000,2000,2000
2000,2000,2000,2000,2000,2000,2000,2000,2000,2000,2000,2000,2000,2000,2000,2000,2000,2000
2000,2000,2000,2000,2000,2000,2000,2000,2000,2000,2000,2000,2000,2000,2000,2000,2000,2000
2000,2000,2000,2000,2000,2000,2000,2000,2000,2000,2000,2000,2000,2000,2000,2000,2000,2000
2000,2000,2000,2000,2000,2000,2000,2000,2000,2000,2000,2000,2000,2000,2000,2000,2000,2000
2000,2000,2000,2000,2000,2000,2000,2000,2000,2000,2000,2000,2000,2000,2000,2000,2000,2000
2000,2000,2000,2000,2000,2000,2000,2000,2000,2000,2000,2000,2000,2000,2000,2000,2000,2000
2000,2000,2000,2000,2000,2000,2000,2000,2000,2000,2000,2000,2000,2000,2000,2000,2000,2000
2000,2000,2000,2000,2000,2000,2000,2000,2000,2000,2000,2000,2000,2000,2000,2000,2000,2000
2000,2000,2000,2000,2000,2000,2000,2000,2000,2000,2000,2000,2000,2000,2000,2000,2000,2000
2000,2000,2000,2000,2000,2000,2000,2000,2000,2000,2000,2000,2000,2000,2000,2000,2000,2000
2000,2000,2000,2000,2000,2000,2000,2000,2000,2000,2000,2000,2000,2000,2000,2000,2000,2000
2000,2000,2000,2000,2000,2000,2000,2000,2000,2000,2000,2000,2000,2000,2000,2000,2000,2000
"threshold,cb_test_min_array",,,,,,,,,,,,,,,,,
11,11,11,11,11,0,0,0,0,0,0,0,0,11,11,11,11,11
11,11,11,11,11,11,11,11,11,11,11,11,11,11,11,11,11,11
11,11,11,11,11,11,11,11,11,11,11,11,11,11,11,11,11,11
11,11,11,11,11,11,11,11,11,11,11,11,11,11,11,11,11,11
11,11,11,11,11,11,11,11,11,11,11,11,11,11,11,11,11,11
11,11,11,11,11,11,11,11,11,11,11,11,11,11,11,11,11,11
11,11,11,11,11,11,11,11,11,11,11,11,11,11,11,11,11,11
11,11,11,11,11,11,11,11,11,11,11,11,11,11,11,11,11,11
11,11,11,11,11,11,11,11,11,11,11,11,11,11,11,11,11,11
11,11,11,11,11,11,11,11,11,11,11,11,11,11,11,11,11,11
11,11,11,11,11,11,11,11,11,11,11,11,11,11,11,11,11,11
11,11,11,11,11,11,11,11,11,11,11,11,11,11,11,11,11,11
11,11,11,11,11,11,11,11,11,11,11,11,11,11,11,11,11,11
11,11,11,11,11,11,11,11,11,11,11,11,11,11,11,11,11,11
11,11,11,11,11,11,11,11,11,11,11,11,11,11,11,11,11,11
11,11,11,11,11,11,11,11,11,11,11,11,11,11,11,11,11,11
11,11,11,11,11,11,11,11,11,11,11,11,11,11,11,11,11,11
11,11,11,11,11,11,11,11,11,11,11,11,11,11,11,11,11,11
11,11,11,11,11,11,11,11,11,11,11,11,11,11,11,11,11,11
11,11,11,11,11,11,11,11,11,11,11,11,11,11,11,11,11,11
11,11,11,11,11,11,11,11,11,11,11,11,11,11,11,11,11,11
11,11,11,11,11,11,11,11,11,11,11,11,11,11,11,11,11,11
11,11,11,11,11,11,11,11,11,11,11,11,11,11,11,11,11,11
11,11,11,11,11,11,11,11,11,11,11,11,11,11,11,11,11,11
11,11,11,11,11,11,11,11,11,11,11,11,11,11,11,11,11,11
11,11,11,11,11,11,11,11,11,11,11,11,11,11,11,11,11,11
11,11,11,11,11,11,11,11,11,11,11,11,11,11,11,11,11,11
11,11,11,11,11,11,11,11,11,11,11,11,11,11,11,11,11,11
11,11,11,11,11,11,11,11,11,11,11,11,11,11,11,11,11,11
11,11,11,11,11,11,11,11,11,11,11,11,11,11,11,11,11,11
11,11,11,11,11,11,11,11,11,11,11,11,11,11,11,11,11,11
11,11,11,11,11,11,11,11,11,11,11,11,11,11,11,11,11,11
11,11,11,11,11,11,11,11,11,11,11,11,11,11,11,11,11,11
11,11,11,11,11,11,11,11,11,11,11,11,11,11,11,11,11,11
11,11,11,11,11,11,11,11,11,11,11,11,11,11,11,11,11,11
11,11,11,11,11,11,11,11,11,11,11,11,11,11,11,11,11,11
"threshold,cb_test_max_array",,,,,,,,,,,,,,,,,
40,40,40,40,40,40,40,40,40,40,40,40,40,40,40,40,40,40
40,40,40,40,40,40,40,40,40,40,40,40,40,40,40,40,40,40
40,40,40,40,40,40,40,40,40,40,40,40,40,40,40,40,40,40
40,40,40,40,40,40,40,40,40,40,40,40,40,40,40,40,40,40
40,40,40,40,40,40,40,40,40,40,40,40,40,40,40,40,40,40
40,40,40,40,40,40,40,40,40,40,40,40,40,40,40,40,40,40
40,40,40,40,40,40,40,40,40,40,40,40,40,40,40,40,40,40
40,40,40,40,40,40,40,40,40,40,40,40,40,40,40,40,40,40
40,40,40,40,40,40,40,40,40,40,40,40,40,40,40,40,40,40
40,40,40,40,40,40,40,40,40,40,40,40,40,40,40,40,40,40
40,40,40,40,40,40,40,40,40,40,40,40,40,40,40,40,40,40
40,40,40,40,40,40,40,40,40,40,40,40,40,40,40,40,40,40
40,40,40,40,40,40,40,40,40,40,40,40,40,40,40,40,40,40
40,40,40,40,40,40,40,40,40,40,40,40,40,40,40,40,40,40
40,40,40,40,40,40,40,40,40,40,40,40,40,40,40,40,40,40
40,40,40,40,40,40,40,40,40,40,40,40,40,40,40,40,40,40
40,40,40,40,40,40,40,40,40,40,40,40,40,40,40,40,40,40
40,40,40,40,40,40,40,40,40,40,40,40,40,40,40,40,40,40
40,40,40,40,40,40,40,40,40,40,40,40,40,40,40,40,40,40
40,40,40,40,40,40,40,40,40,40,40,40,40,40,40,40,40,40
40,40,40,40,40,40,40,40,40,40,40,40,40,40,40,40,40,40
40,40,40,40,40,40,40,40,40,40,40,40,40,40,40,40,40,40
40,40,40,40,40,40,40,40,40,40,40,40,40,40,40,40,40,40
40,40,40,40,40,40,40,40,40,40,40,40,40,40,40,40,40,40
40,40,40,40,40,40,40,40,40,40,40,40,40,40,40,40,40,40
40,40,40,40,40,40,40,40,40,40,40,40,40,40,40,40,40,40
40,40,40,40,40,40,40,40,40,40,40,40,40,40,40,40,40,40
40,40,40,40,40,40,40,40,40,40,40,40,40,40,40,40,40,40
40,40,40,40,40,40,40,40,40,40,40,40,40,40,40,40,40,40
40,40,40,40,40,40,40,40,40,40,40,40,40,40,40,40,40,40
40,40,40,40,40,40,40,40,40,40,40,40,40,40,40,40,40,40
40,40,40,40,40,40,40,40,40,40,40,40,40,40,40,40,40,40
40,40,40,40,40,40,40,40,40,40,40,40,40,40,40,40,40,40
40,40,40,40,40,40,40,40,40,40,40,40,40,40,40,40,40,40
40,40,40,40,40,40,40,40,40,40,40,40,40,40,40,40,40,40
40,40,40,40,40,40,40,40,40,40,40,40,40,40,40,40,40,40
"threshold,open_test_cb_min_array",,,,,,,,,,,,,,,,,
48,48,48,48,48,0,0,0,0,0,0,0,0,48,48,48,48,48
48,48,48,48,48,48,48,48,48,48,48,48,48,48,48,48,48,48
48,48,48,48,48,48,48,48,48,48,48,48,48,48,48,48,48,48
48,48,48,48,48,48,48,48,48,48,48,48,48,48,48,48,48,48
48,48,48,48,48,48,48,48,48,48,48,48,48,48,48,48,48,48
48,48,48,48,48,48,48,48,48,48,48,48,48,48,48,48,48,48
48,48,48,48,48,48,48,48,48,48,48,48,48,48,48,48,48,48
48,48,48,48,48,48,48,48,48,48,48,48,48,48,48,48,48,48
48,48,48,48,48,48,48,48,48,48,48,48,48,48,48,48,48,48
48,48,48,48,48,48,48,48,48,48,48,48,48,48,48,48,48,48
48,48,48,48,48,48,48,48,48,48,48,48,48,48,48,48,48,48
48,48,48,48,48,48,48,48,48,48,48,48,48,48,48,48,48,48
48,48,48,48,48,48,48,48,48,48,48,48,48,48,48,48,48,48
48,48,48,48,48,48,48,48,48,48,48,48,48,48,48,48,48,48
48,48,48,48,48,48,48,48,48,48,48,48,48,48,48,48,48,48
48,48,48,48,48,48,48,48,48,48,48,48,48,48,48,48,48,48
48,48,48,48,48,48,48,48,48,48,48,48,48,48,48,48,48,48
48,48,48,48,48,48,48,48,48,48,48,48,48,48,48,48,48,48
48,48,48,48,48,48,48,48,48,48,48,48,48,48,48,48,48,48
48,48,48,48,48,48,48,48,48,48,48,48,48,48,48,48,48,48
48,48,48,48,48,48,48,48,48,48,48,48,48,48,48,48,48,48
48,48,48,48,48,48,48,48,48,48,48,48,48,48,48,48,48,48
48,48,48,48,48,48,48,48,48,48,48,48,48,48,48,48,48,48
48,48,48,48,48,48,48,48,48,48,48,48,48,48,48,48,48,48
48,48,48,48,48,48,48,48,48,48,48,48,48,48,48,48,48,48
48,48,48,48,48,48,48,48,48,48,48,48,48,48,48,48,48,48
48,48,48,48,48,48,48,48,48,48,48,48,48,48,48,48,48,48
48,48,48,48,48,48,48,48,48,48,48,48,48,48,48,48,48,48
48,48,48,48,48,48,48,48,48,48,48,48,48,48,48,48,48,48
48,48,48,48,48,48,48,48,48,48,48,48,48,48,48,48,48,48
48,48,48,48,48,48,48,48,48,48,48,48,48,48,48,48,48,48
48,48,48,48,48,48,48,48,48,48,48,48,48,48,48,48,48,48
48,48,48,48,48,48,48,48,48,48,48,48,48,48,48,48,48,48
48,48,48,48,48,48,48,48,48,48,48,48,48,48,48,48,48,48
48,48,48,48,48,48,48,48,48,48,48,48,48,48,48,48,48,48
48,48,48,48,48,48,48,48,48,48,48,48,48,48,48,48,48,48
"threshold,open_test_cb_max_array",,,,,,,,,,,,,,,,,
200,200,200,200,200,200,200,200,200,200,200,200,200,200,200,200,200,200
200,200,200,200,200,200,200,200,200,200,200,200,200,200,200,200,200,200
200,200,200,200,200,200,200,200,200,200,200,200,200,200,200,200,200,200
200,200,200,200,200,200,200,200,200,200,200,200,200,200,200,200,200,200
200,200,200,200,200,200,200,200,200,200,200,200,200,200,200,200,200,200
200,200,200,200,200,200,200,200,200,200,200,200,200,200,200,200,200,200
200,200,200,200,200,200,200,200,200,200,200,200,200,200,200,200,200,200
200,200,200,200,200,200,200,200,200,200,200,200,200,200,200,200,200,200
200,200,200,200,200,200,200,200,200,200,200,200,200,200,200,200,200,200
200,200,200,200,200,200,200,200,200,200,200,200,200,200,200,200,200,200
200,200,200,200,200,200,200,200,200,200,200,200,200,200,200,200,200,200
200,200,200,200,200,200,200,200,200,200,200,200,200,200,200,200,200,200
200,200,200,200,200,200,200,200,200,200,200,200,200,200,200,200,200,200
200,200,200,200,200,200,200,200,200,200,200,200,200,200,200,200,200,200
200,200,200,200,200,200,200,200,200,200,200,200,200,200,200,200,200,200
200,200,200,200,200,200,200,200,200,200,200,200,200,200,200,200,200,200
200,200,200,200,200,200,200,200,200,200,200,200,200,200,200,200,200,200
200,200,200,200,200,200,200,200,200,200,200,200,200,200,200,200,200,200
200,200,200,200,200,200,200,200,200,200,200,200,200,200,200,200,200,200
200,200,200,200,200,200,200,200,200,200,200,200,200,200,200,200,200,200
200,200,200,200,200,200,200,200,200,200,200,200,200,200,200,200,200,200
200,200,200,200,200,200,200,200,200,200,200,200,200,200,200,200,200,200
200,200,200,200,200,200,200,200,200,200,200,200,200,200,200,200,200,200
200,200,200,200,200,200,200,200,200,200,200,200,200,200,200,200,200,200
200,200,200,200,200,200,200,200,200,200,200,200,200,200,200,200,200,200
200,200,200,200,200,200,200,200,200,200,200,200,200,200,200,200,200,200
200,200,200,200,200,200,200,200,200,200,200,200,200,200,200,200,200,200
200,200,200,200,200,200,200,200,200,200,200,200,200,200,200,200,200,200
200,200,200,200,200,200,200,200,200,200,200,200,200,200,200,200,200,200
200,200,200,200,200,200,200,200,200,200,200,200,200,200,200,200,200,200
200,200,200,200,200,200,200,200,200,200,200,200,200,200,200,200,200,200
200,200,200,200,200,200,200,200,200,200,200,200,200,200,200,200,200,200
200,200,200,200,200,200,200,200,200,200,200,200,200,200,200,200,200,200
200,200,200,200,200,200,200,200,200,200,200,200,200,200,200,200,200,200
200,200,200,200,200,200,200,200,200,200,200,200,200,200,200,200,200,200
200,200,200,200,200,200,200,200,200,200,200,200,200,200,200,200,200,200
"threshold,threshold,short_circuit_min_array",,,,,,,,,,,,,,,,,
850,850,850,850,850,0,0,0,0,0,0,0,0,850,850,850,850,850
850,850,850,850,850,850,850,850,850,850,850,850,850,850,850,850,850,850
850,850,850,850,850,850,850,850,850,850,850,850,850,850,850,850,850,850
850,850,850,850,850,850,850,850,850,850,850,850,850,850,850,850,850,850
850,850,850,850,850,850,850,850,850,850,850,850,850,850,850,850,850,850
850,850,850,850,850,850,850,850,850,850,850,850,850,850,850,850,850,850
850,850,850,850,850,850,850,850,850,850,850,850,850,850,850,850,850,850
850,850,850,850,850,850,850,850,850,850,850,850,850,850,850,850,850,850
850,850,850,850,850,850,850,850,850,850,850,850,850,850,850,850,850,850
850,850,850,850,850,850,850,850,850,850,850,850,850,850,850,850,850,850
850,850,850,850,850,850,850,850,850,850,850,850,850,850,850,850,850,850
850,850,850,850,850,850,850,850,850,850,850,850,850,850,850,850,850,850
850,850,850,850,850,850,850,850,850,850,850,850,850,850,850,850,850,850
850,850,850,850,850,850,850,850,850,850,850,850,850,850,850,850,850,850
850,850,850,850,850,850,850,850,850,850,850,850,850,850,850,850,850,850
850,850,850,850,850,850,850,850,850,850,850,850,850,850,850,850,850,850
850,850,850,850,850,850,850,850,850,850,850,850,850,850,850,850,850,850
850,850,850,850,850,850,850,850,850,850,850,850,850,850,850,850,850,850
850,850,850,850,850,850,850,850,850,850,850,850,850,850,850,850,850,850
850,850,850,850,850,850,850,850,850,850,850,850,850,850,850,850,850,850
850,850,850,850,850,850,850,850,850,850,850,850,850,850,850,850,850,850
850,850,850,850,850,850,850,850,850,850,850,850,850,850,850,850,850,850
850,850,850,850,850,850,850,850,850,850,850,850,850,850,850,850,850,850
850,850,850,850,850,850,850,850,850,850,850,850,850,850,850,850,850,850
850,850,850,850,850,850,850,850,850,850,850,850,850,850,850,850,850,850
850,850,850,850,850,850,850,850,850,850,850,850,850,850,850,850,850,850
850,850,850,850,850,850,850,850,850,850,850,850,850,850,850,850,850,850
850,850,850,850,850,850,850,850,850,850,850,850,850,850,850,850,850,850
850,850,850,850,850,850,850,850,850,850,850,850,850,850,850,850,850,850
850,850,850,850,850,850,850,850,850,850,850,850,850,850,850,850,850,850
850,850,850,850,850,850,850,850,850,850,850,850,850,850,850,850,850,850
850,850,850,850,850,850,850,850,850,850,850,850,850,850,850,850,850,850
850,850,850,850,850,850,850,850,850,850,850,850,850,850,850,850,850,850
850,850,850,850,850,850,850,850,850,850,850,850,850,850,850,850,850,850
850,850,850,850,850,850,850,850,850,850,850,850,850,850,850,850,850,850
850,850,850,850,850,850,850,850,850,850,850,850,850,850,850,850,850,850
